,0.0,0.1,0.2,0.3,0.4,0.5,0.6,0.7,0.8,0.9,1.0,1.1,1.2,1.3,1.4,1.5,1.6,1.8,1.9,2.1,2.2,2.4,2.6,2.8,3.1,3.3,3.6,3.9,4.2,4.5,4.9,5.3,5.7
-7.945,0.010242746069127184,0.010125103339424324,0.010464861919458683,0.008900345933931922,0.008463912515685344,0.007986944651842184,0.007314335850637214,0.0072928364598330705,0.007235879694646625,0.006562382848139315,0.006552592208712542,0.006452373878850439,0.005775974688605282,0.005758960555992619,0.005284512301249137,0.00497327612170205,0.004594809351216441,0.004303727979061185,0.004303727979061185,0.004174267717995056,0.0037986620914097127,0.0037986620914097127,0.0036744872639695035,0.0036744872639695035,0.0031582645986497717,0.0031582645986497717,0.0031673671301842596,0.0031673671301842596,0.003040140092522252,0.003040140092522252,0.002916008786498411,0.002916008786498411,0.002883132212819569
-7.835,0.012032305313908587,0.010892171729997204,0.009859426181320494,0.010427484883593009,0.009255506081648428,0.008389594028308606,0.00847155139704858,0.007952113111121071,0.007709602430018707,0.007461026376828778,0.007328714425929766,0.006891617413551871,0.006423329690277082,0.006115574746522401,0.005883885424891338,0.0053112497121714005,0.005117274853256115,0.0050464190195861165,0.0050464190195861165,0.004485479923939151,0.004417755569614334,0.004417755569614334,0.0042916190200505185,0.0042916190200505185,0.003826152257407587,0.003826152257407587,0.003787235883379448,0.003787235883379448,0.0034392546340306354,0.0034392546340306354,0.0031917368776621536,0.0031917368776621536,0.003005856256538626
-7.725,0.011222336755655028,0.011418272512312607,0.010689842985505139,0.009625388216225767,0.009650621070004249,0.009761594198641201,0.00924878926208605,0.008826715281013156,0.008414686376702538,0.008256762834517076,0.007969371019711876,0.007687500606363483,0.007217017404827035,0.006982797793277394,0.006418362300592328,0.0062575025754424505,0.005732421178705967,0.0052875660692232275,0.0052875660692232275,0.005026923217757307,0.00499287393131806,0.00499287393131806,0.004548215918213031,0.004548215918213031,0.00431207696624041,0.00431207696624041,0.004048292697358663,0.004048292697358663,0.00360482024114847,0.00360482024114847,0.0032712412617586536,0.0032712412617586536,0.003420223299584865
-7.615,0.01190961773024658,0.011091592291575119,0.010984088411752234,0.01152398413342637,0.010779518271539956,0.011098036875802466,0.009766752457776313,0.009948370903600724,0.009157818064893098,0.008800699242240365,0.008741890447216464,0.008097230916234837,0.008082763551661622,0.007487118059008491,0.007105207157919114,0.007023832607894781,0.006472366162529525,0.005943729774721195,0.005943729774721195,0.0059114262890480485,0.005550870585247483,0.005550870585247483,0.0052766086970456785,0.0052766086970456785,0.004811926313401991,0.004811926313401991,0.004167458087813762,0.004167458087813762,0.004020216271457519,0.004020216271457519,0.003888009116872264,0.003888009116872264,0.0036671121161112596
-7.505,0.012594435353115602,0.012319938515365836,0.01208351251656836,0.011233973774897385,0.011797017588238862,0.011447670445769591,0.010870567115781273,0.010549546018900856,0.009696156429914593,0.010048516892928839,0.008970778810734733,0.008673203763617628,0.008155578139442161,0.008427567141126576,0.007965932446251944,0.007767600602718443,0.007553991529395681,0.00696368062164872,0.00696368062164872,0.006451053110334546,0.005727371502939603,0.005727371502939603,0.0053978697488662975,0.0053978697488662975,0.00510720295192662,0.00510720295192662,0.004751947291041072,0.004751947291041072,0.004940095805154566,0.004940095805154566,0.004360604145181896,0.004360604145181896,0.003713193124964556
-7.395,0.013290341381174518,0.01405730622566699,0.013115002526404032,0.012558499824653093,0.012258999675619723,0.010736510990535497,0.011195388565499668,0.011084716913488894,0.010171331680332029,0.010161414228452547,0.010169937144072239,0.009913996116979207,0.009698188666078168,0.009362404943390377,0.009077457066509267,0.008136085038225889,0.007768517972601649,0.007428196876254041,0.007428196876254041,0.007067266970182177,0.006422124115694116,0.006422124115694116,0.0064194256739816425,0.0064194256739816425,0.005957176248644534,0.005957176248644534,0.005368492838609097,0.005368492838609097,0.004595017595265358,0.004595017595265358,0.004849671851722282,0.004849671851722282,0.0044474712963500414
-7.285,0.01569748583141178,0.015002550956933886,0.013320206181654325,0.014261236339817988,0.013078621041147749,0.012496893548023765,0.011977305077383532,0.011854482296801657,0.011820089299117955,0.01099865638287311,0.010994909164094268,0.010761114526382783,0.010431089092825307,0.010207879316843464,0.009314859399996126,0.008681977742911956,0.008702441784947917,0.008290013804299215,0.008290013804299215,0.007672024294577733,0.007395220068627949,0.007395220068627949,0.006795454307948508,0.006795454307948508,0.0060393630600271905,0.0060393630600271905,0.005888218861491027,0.005888218861491027,0.0055480892796999455,0.0055480892796999455,0.005332756208475019,0.005332756208475019,0.00525467579620458
-7.175,0.015194862360282795,0.014631726936711406,0.0144354908508158,0.01343729137384829,0.01339413948299607,0.013219334091935629,0.01299512468874905,0.012969038168467215,0.012140897639261643,0.011825396105965478,0.01157472689420975,0.011322362103025908,0.011164626585142487,0.011027357437782478,0.010205459991342737,0.009714890756679542,0.009493947561466948,0.00887865452544395,0.00887865452544395,0.008662279169011565,0.007887664825518854,0.007887664825518854,0.007650770646228394,0.007650770646228394,0.007366086396546999,0.007366086396546999,0.0069465352176462086,0.0069465352176462086,0.0060465538590784825,0.0060465538590784825,0.005882545625592452,0.005882545625592452,0.005306212755941856
-7.065,0.015351830954345978,0.015057040647715333,0.01565506796090098,0.0143553447757818,0.015365964295798487,0.01441665706469605,0.01419336699949122,0.013649650692869175,0.012831696950225452,0.012724289405403122,0.012645462310074528,0.012732204923838133,0.011945038268935872,0.011349781452267872,0.011158917092455369,0.010646359017754764,0.009917800267586667,0.009903322987189624,0.009903322987189624,0.009411599928770482,0.009176325490315095,0.009176325490315095,0.008670570445959733,0.008670570445959733,0.007722468397338376,0.007722468397338376,0.007357084058274433,0.007357084058274433,0.007042379190264118,0.007042379190264118,0.006089293751531272,0.006089293751531272,0.006295688568991153
-6.955,0.01618171038658841,0.01692324513592443,0.015730964899045113,0.014962724076466013,0.014718007162595149,0.015534866608115334,0.013968706574655071,0.014313627300162802,0.014254310028237422,0.013784555747640934,0.013068107681564873,0.012962169641473403,0.012648400136173549,0.012414464783813592,0.011833121799488708,0.011984327053816635,0.01124192635627014,0.01072379371410009,0.01072379371410009,0.01036501539585214,0.009844268504197956,0.009844268504197956,0.009334016138957723,0.009334016138957723,0.00843037416933296,0.00843037416933296,0.007574281468474758,0.007574281468474758,0.007740546246249702,0.007740546246249702,0.0072021631532066255,0.0072021631532066255,0.0065944412973918416
-6.845,0.01636137315077603,0.016431700076883056,0.016276889616787076,0.016336656516178993,0.015274441357150066,0.015257776030526297,0.0157521414162216,0.014886327883887844,0.014394904060388456,0.014286781784521412,0.014055378845934035,0.013368960155269768,0.013550726219343794,0.0133647312865065,0.013498295800730935,0.01285171389185313,0.012111138708130046,0.011434264856607215,0.011434264856607215,0.010808974541542752,0.010479181481898274,0.010479181481898274,0.009711591984785375,0.009711591984785375,0.009186239033317984,0.009186239033317984,0.008728983758302377,0.008728983758302377,0.008397631362717577,0.008397631362717577,0.007962242814651709,0.007962242814651709,0.0076389430373639145
-6.735,0.01724054906702538,0.016544625081516506,0.016783994385951306,0.016191490171402124,0.016144251360743284,0.015733662945440433,0.015346073326113634,0.015919687990280904,0.01539913023831307,0.015387468580550692,0.014462523831186958,0.015165782765500535,0.014850848464097595,0.014132508548446023,0.013522902326764546,0.01346008029376563,0.012816626439532155,0.012163411818107806,0.012163411818107806,0.011746706678671837,0.011267254175152813,0.011267254175152813,0.010399559936355657,0.010399559936355657,0.010361368406071608,0.010361368406071608,0.01013755566056542,0.01013755566056542,0.009465236561160549,0.009465236561160549,0.008888680519323226,0.008888680519323226,0.00850608626465244
-6.625,0.01732144807300889,0.01682128842708234,0.017275895166380405,0.01781578045579596,0.016939990242852504,0.016651683149261326,0.016729578129024487,0.016446423237245815,0.016203712469968632,0.016181273316405214,0.01605849346076137,0.015484263869837199,0.015669535426120106,0.014855811283593427,0.014695294393588083,0.014131376102409016,0.013964856963842394,0.013094498248175433,0.013094498248175433,0.012597168204604735,0.01228646409450205,0.01228646409450205,0.011670327416142257,0.011670327416142257,0.011512473181140803,0.011512473181140803,0.010800335270301956,0.010800335270301956,0.010300408890664492,0.010300408890664492,0.010002578221470913,0.010002578221470913,0.008903465140149747
-6.515,0.01584018430342895,0.017277878340458665,0.01695276874468997,0.017718679447873815,0.01779191113774202,0.017671473711037434,0.01746910915650504,0.017332034418892615,0.016358833549421616,0.016342226383834483,0.01693003087645105,0.016184836995390157,0.01581823585180744,0.01594279812328701,0.015450177984061224,0.014538459970717527,0.014731529206755065,0.014224968557117095,0.014224968557117095,0.014125181948235001,0.01358734832512088,0.01358734832512088,0.013110629178879904,0.013110629178879904,0.012636399156243537,0.012636399156243537,0.011520279562704235,0.011520279562704235,0.010676820854200166,0.010676820854200166,0.010569114162529388,0.010569114162529388,0.010268798119775338
-6.405,0.016933798372923473,0.017028839388767973,0.01715569086829632,0.017842962740614497,0.01869369447373445,0.018339064912750544,0.01768749145241654,0.0178399152893441,0.017479233256641066,0.01738130625944734,0.01743185187037317,0.01728610028602149,0.017011783208783677,0.0164591878339735,0.01653776509409712,0.016917974984001178,0.015722361242193256,0.01584902228569573,0.01584902228569573,0.014840782303585012,0.014479313270496747,0.014479313270496747,0.013880863569842354,0.013880863569842354,0.013764173566192788,0.013764173566192788,0.012996856840313107,0.012996856840313107,0.011918782849980554,0.011918782849980554,0.011668863559711565,0.011668863559711565,0.010946402227057254
-6.295,0.016291709325136624,0.017824221934355795,0.018945167873236874,0.018373828348023192,0.017770184056610804,0.018171032268414728,0.018414989370351586,0.018037796065404718,0.01916575452713623,0.017881064364699422,0.017661425947294872,0.01781506626963511,0.018306786425788698,0.01794003729652452,0.017251673616409714,0.017474670956532094,0.017353529286584474,0.016336408216101404,0.016336408216101404,0.015965127306150205,0.01547728079480773,0.01547728079480773,0.01507487971371767,0.01507487971371767,0.014475358287392395,0.014475358287392395,0.013922786410707193,0.013922786410707193,0.013323213814063869,0.013323213814063869,0.01295184184325168,0.01295184184325168,0.01207465602415195
-6.185,0.017362168173767914,0.017540579126743845,0.017376346596264667,0.017986914397610333,0.01831250430101709,0.019792861101671333,0.01900826974566097,0.018764347529991468,0.01876309004194368,0.01889480893705001,0.018707681941793293,0.018648371148586366,0.018375394589116245,0.01892577014110989,0.01842165916373663,0.017855162147016393,0.017568909985081017,0.01773543807554651,0.01773543807554651,0.01678391778053227,0.016714639166100317,0.016714639166100317,0.01634130249825141,0.01634130249825141,0.01570553777038014,0.01570553777038014,0.014818910705475093,0.014818910705475093,0.014810290038436816,0.014810290038436816,0.01375116323399895,0.01375116323399895,0.013728472870460792
-6.075,0.018268059198515985,0.017002979830178226,0.017435003056286365,0.01836118167483908,0.018859679256026288,0.018727212875885284,0.01981234536034396,0.019494891889796123,0.01895480130169792,0.020297110848992543,0.020041588701987748,0.019451124676642527,0.019661820236033488,0.018800168108454408,0.0187832781808924,0.018812621609390616,0.01847794248636038,0.017896406078809712,0.017896406078809712,0.01796172233610814,0.017457850515608647,0.017457850515608647,0.01711042110162485,0.01711042110162485,0.016751167091078403,0.016751167091078403,0.01621122468013234,0.01621122468013234,0.015852485859620513,0.015852485859620513,0.015207690187223238,0.015207690187223238,0.014572472999547451
-5.965,0.017668463262683974,0.01762051214636224,0.01830896739916983,0.018044372317553528,0.01844650524294512,0.018456607927180433,0.019829829946958602,0.020363335045718026,0.01988180528039817,0.01946106291861697,0.019762105463457302,0.019667935690548116,0.02010778216818553,0.01974769673667705,0.01960688468341392,0.019740460863928236,0.019692894503432007,0.019247055651344443,0.019247055651344443,0.019290569722929928,0.017880391060798154,0.017880391060798154,0.01864519746689288,0.01864519746689288,0.01784576031816593,0.01784576031816593,0.017737952430548952,0.017737952430548952,0.01701653325276891,0.01701653325276891,0.016124350747950114,0.016124350747950114,0.01574881276204259
-5.855,0.017648610137020734,0.01799276751090791,0.018088223908600327,0.01835458801853396,0.019090017180033808,0.019804102860466494,0.020572358817922184,0.02044440313234394,0.02122715574151127,0.020825620048365242,0.020267337851053842,0.020150184803486144,0.02014911910697735,0.021269601110248493,0.020689371785113077,0.020141658057375725,0.019597972943101404,0.01993220644481522,0.01993220644481522,0.019427349617322048,0.019498865080023048,0.019498865080023048,0.019491008825908988,0.019491008825908988,0.01863375129939588,0.01863375129939588,0.018626344414278004,0.018626344414278004,0.01853146340315866,0.01853146340315866,0.0183347147778185,0.0183347147778185,0.017556282830220506
-5.745,0.017329907993371235,0.01755848604054878,0.017912267291186924,0.019422442143349497,0.018905279164570177,0.01948662419146086,0.019540171587485302,0.02020438114309451,0.020429090114942414,0.021330378223036534,0.021273599602760027,0.02141122084558664,0.02112594036224922,0.020196892669984937,0.021109888014845445,0.020368742577244706,0.020684569779799118,0.02040063908042659,0.02040063908042659,0.020646297545635673,0.02065946222098868,0.02065946222098868,0.0203646629597038,0.0203646629597038,0.020300329968881314,0.020300329968881314,0.019904186314754862,0.019904186314754862,0.02014807469046545,0.02014807469046545,0.02003163006610611,0.02003163006610611,0.018744321316999657
-5.635,0.01690878991386506,0.01740576316293327,0.018513074152866637,0.018464476386260077,0.01894813471625083,0.019550571459009028,0.01942590650146791,0.019836825810721784,0.021580460894038554,0.020402333212432625,0.02038714730853301,0.02101860056300379,0.020715316255275715,0.020977359521701502,0.02133758449632586,0.021705063334184878,0.021625352751039995,0.021424090535781985,0.021424090535781985,0.021807587313022576,0.021459729546855794,0.021459729546855794,0.021186289643046228,0.021186289643046228,0.021631078076578155,0.021631078076578155,0.020898604164559964,0.020898604164559964,0.021132900122610015,0.021132900122610015,0.02092183837381413,0.02092183837381413,0.020788712359027038
-5.525,0.016873824346363055,0.017091411466480754,0.0184009837556282,0.018418915955799593,0.01890512706240027,0.01913028599428965,0.01995428260205628,0.01978159566439527,0.0206859189858307,0.021047709777632196,0.02143879379845265,0.021416957485108638,0.021161276616891045,0.02155033016902062,0.02159535237596415,0.02134037188980764,0.022014154620271374,0.02187355353292696,0.02187355353292696,0.02190697759866661,0.02236736909199585,0.02236736909199585,0.022862340884460097,0.022862340884460097,0.022263997658791494,0.022263997658791494,0.023119214146568607,0.023119214146568607,0.022370321724847684,0.022370321724847684,0.02164132042173656,0.02164132042173656,0.022604707474156865
-5.415,0.01715923055410445,0.01744123529639617,0.017471356290968933,0.01823997253089001,0.01907221987858248,0.0186386705657578,0.01927767341593012,0.020221798114061176,0.020563941576046785,0.020722214728020223,0.021594846509750725,0.021894016426681897,0.021965369348194142,0.02135161768977769,0.021831094682400604,0.022554664728162154,0.022684487510092485,0.023412929675484626,0.023412929675484626,0.023500399877477974,0.023653825863648347,0.023653825863648347,0.02332909904217264,0.02332909904217264,0.023406613072489195,0.023406613072489195,0.02306654517238412,0.02306654517238412,0.02316924700419429,0.02316924700419429,0.02373268807442457,0.02373268807442457,0.024054276153059974
-5.305,0.017032955108774207,0.01722831376505945,0.017959105142594068,0.018935487919874074,0.01858096071749334,0.018693540572613934,0.01952460777788372,0.019680424510749493,0.02061858000113277,0.021026871628772766,0.021259614323350908,0.020829777867167523,0.021835469824849883,0.022556160078362992,0.022381680430242714,0.022741873175430322,0.023232827414489354,0.02334843311050745,0.02334843311050745,0.023674564641346152,0.024231632476601,0.024231632476601,0.023971439174165447,0.023971439174165447,0.024244411409683194,0.024244411409683194,0.024845765658045825,0.024845765658045825,0.024866352366596883,0.024866352366596883,0.025063523767519066,0.025063523767519066,0.024326770666637368
-5.195,0.01692890306665956,0.016926862314874887,0.017845398555565627,0.01803093235577176,0.018696771187657002,0.019743175959648626,0.019615648775366826,0.02000000086603602,0.020349945778534845,0.021234410892271918,0.021166809065639277,0.02245962595320393,0.022747641585485416,0.02329166648288104,0.023269902434845176,0.023397430433897172,0.02374482114216727,0.023441898590921294,0.023441898590921294,0.02468405883811213,0.024958051960334297,0.024958051960334297,0.025434587575452076,0.025434587575452076,0.025685852011550676,0.025685852011550676,0.026300081965891526,0.026300081965891526,0.02593436127267066,0.02593436127267066,0.027023669682801628,0.027023669682801628,0.02732476248133899
-5.085,0.017016482492271962,0.01717305033308619,0.01801626592613369,0.017946247167080834,0.01896451147320799,0.018744085792733685,0.019623226406587615,0.020128984114071068,0.020218456402168995,0.020712970256417926,0.020986870012326776,0.02173067169262013,0.02150560084572671,0.02273228356587282,0.023208019275793426,0.024094903188210202,0.024221312794395166,0.02455149595860658,0.02455149595860658,0.025050259014831246,0.025328385802130936,0.025328385802130936,0.02509233306491203,0.02509233306491203,0.026606505242366935,0.026606505242366935,0.027231019754442736,0.027231019754442736,0.027416872427983453,0.027416872427983453,0.027539362736716717,0.027539362736716717,0.02906510196745397
-4.975,0.016867525324714663,0.017258069352968364,0.01707369889204063,0.01876749642735956,0.018913495383138128,0.019267967648713795,0.019884984419117974,0.020009141142900363,0.02012640346067306,0.021032539667791974,0.021298983208443447,0.021575661943468993,0.021952483420953187,0.022721174204929483,0.023882581992702375,0.02402418195326239,0.024433384605586216,0.024984199503552417,0.024984199503552417,0.025656043269918563,0.026015981655893933,0.026015981655893933,0.026448432572637993,0.026448432572637993,0.027546836335122667,0.027546836335122667,0.027654675338344096,0.027654675338344096,0.027707069305069217,0.027707069305069217,0.02852986597303526,0.02852986597303526,0.028973907023871075
-4.865,0.015662882613310027,0.017198812159900427,0.017387380252283147,0.01805404261872584,0.018307864543646673,0.01900289112502903,0.019007390279946416,0.01952207668753364,0.020573768281733424,0.020699966222250576,0.02100510061753027,0.02201292928650159,0.02238698314365565,0.02285554584928722,0.023899475347660223,0.024063299032077025,0.024595938295727694,0.025140169525410212,0.025140169525410212,0.025347372198558617,0.026334164927513212,0.026334164927513212,0.02687011347458882,0.02687011347458882,0.02751262346526369,0.02751262346526369,0.028473375604322105,0.028473375604322105,0.029571896183857388,0.029571896183857388,0.029594591279325906,0.029594591279325906,0.03124007718433771
-4.755,0.016812006537214416,0.01664293821789276,0.017668925006066344,0.017831977631761753,0.01819123785919128,0.01838883451180905,0.01964780968902427,0.01972459222005569,0.02046658077811051,0.020716116092246977,0.021519420809095205,0.021620690536908863,0.022288845034069277,0.022523080242641044,0.023217675990391814,0.024360477666841015,0.024894287907547864,0.02472719145492803,0.02472719145492803,0.025917482004133036,0.026693121529700523,0.026693121529700523,0.027394969594593355,0.027394969594593355,0.028234467241444145,0.028234467241444145,0.028918792312050495,0.028918792312050495,0.030273546858110904,0.030273546858110904,0.031599635412233526,0.031599635412233526,0.03169824549897198
-4.645,0.016603269187294958,0.016956181566561115,0.01746807783494963,0.01783567968093668,0.017725595772123067,0.018722237903272678,0.019466908817987152,0.019477352871217834,0.02065143974061971,0.02077933756456245,0.02137417017728872,0.021282137538444407,0.022450677783160334,0.02319857092034343,0.023655190783887874,0.02401593468900561,0.024341790911855357,0.025725147300794764,0.025725147300794764,0.02644340848067352,0.02719429386692619,0.02719429386692619,0.028002456219613357,0.028002456219613357,0.028108684730342354,0.028108684730342354,0.029230250474104453,0.029230250474104453,0.030963735685370593,0.030963735685370593,0.03153091105539095,0.03153091105539095,0.03223883006251463
-4.535,0.016574382113440183,0.016239561227976762,0.016948126603594686,0.017248894312184626,0.018519325724049445,0.019198293120793443,0.01907781856775441,0.019302399731910492,0.020370609429862924,0.020567893745092488,0.021293863960166626,0.022075291082529296,0.02204699286307546,0.022724384338457908,0.023301736173287686,0.02399189748345073,0.0248888038539309,0.02593340291510678,0.02593340291510678,0.02583616888581022,0.026651856495664834,0.026651856495664834,0.02804671741089084,0.02804671741089084,0.02886269323776307,0.02886269323776307,0.029498879992087494,0.029498879992087494,0.030732436692333016,0.030732436692333016,0.03264257559294856,0.03264257559294856,0.033205979860218664
-4.425,0.015905469102188693,0.016585131075218484,0.017045126377754082,0.017778980198332572,0.01809008743049796,0.018172801573372224,0.01880055539280828,0.019539772080223245,0.020030071611236842,0.0209118473090266,0.02101431514455965,0.021574124328805094,0.021785756714859914,0.022235524245536806,0.02323067563653281,0.023653759401665326,0.024077628096160902,0.025474442872636168,0.025474442872636168,0.026372452274119784,0.027178497198205663,0.027178497198205663,0.02802703360892096,0.02802703360892096,0.02910400455491719,0.02910400455491719,0.030650310873678244,0.030650310873678244,0.03135576269098307,0.03135576269098307,0.03237762746108075,0.03237762746108075,0.033713726059082606
-4.315,0.015576025994675863,0.0162034626625815,0.017142084465510927,0.017095073878573355,0.01754259436993895,0.018846293306656995,0.018958796580761144,0.01936173047048427,0.019547600412712637,0.019904575551710157,0.020715082148952745,0.021097301572551557,0.021764859791939897,0.0222299129221004,0.022886473382022647,0.02299207778575801,0.024111909348215645,0.025074314857737562,0.025074314857737562,0.02595591884620633,0.026991377493169953,0.026991377493169953,0.027395809040041425,0.027395809040041425,0.029341801606576238,0.029341801606576238,0.03010445123669199,0.03010445123669199,0.03181314192933164,0.03181314192933164,0.032053423504186655,0.032053423504186655,0.033970136922139564
-4.205,0.016410763506168397,0.016689599656663546,0.01651521504153702,0.017603782951383793,0.018177414997242868,0.018027800214511714,0.019037962681060904,0.018740771306728785,0.01966056498055479,0.020180426404891424,0.020246452943392133,0.021128222650637206,0.021929384333186017,0.02189818364336224,0.022252919164083205,0.023042808484391743,0.023988369050049137,0.02481465329032961,0.02481465329032961,0.025570818915170438,0.02697755899143325,0.02697755899143325,0.027527390434399637,0.027527390434399637,0.028610799060676387,0.028610799060676387,0.030402113872227344,0.030402113872227344,0.03111231876414047,0.03111231876414047,0.032111553374024535,0.032111553374024535,0.03343533316880791
-4.095,0.016461679118615253,0.016282041426375408,0.016200379682329978,0.016902583255498326,0.01694688655975387,0.017752061745590558,0.01863771293559746,0.018860740856863904,0.01913861512046266,0.019810128120132272,0.020839175920356813,0.020835738765344756,0.021066403953819465,0.0216049214889866,0.022124381223465474,0.02284688035419567,0.023512484694034587,0.02416627791467842,0.02416627791467842,0.02530942279583122,0.026504728219653245,0.026504728219653245,0.02777420121842149,0.02777420121842149,0.02871428302553137,0.02871428302553137,0.02941291191987641,0.02941291191987641,0.030588816196503558,0.030588816196503558,0.03174485620190571,0.03174485620190571,0.03342949990399019
-3.985,0.015114634124703546,0.015885913491598045,0.017108960400799334,0.016709714533816877,0.017739202588889072,0.018148118677162574,0.01885539899295812,0.01920523466528404,0.01964898465343525,0.019485256890749696,0.019620369813801847,0.020305885198373924,0.020330396593497262,0.021242284136721246,0.02158346904757892,0.022406558781160414,0.023231545624106172,0.024094300478134986,0.024094300478134986,0.025048427886232086,0.025743612120449552,0.025743612120449552,0.026963144949140254,0.026963144949140254,0.027945412947645968,0.027945412947645968,0.029015879266752337,0.029015879266752337,0.030449618943709074,0.030449618943709074,0.0316173487754352,0.0316173487754352,0.03229484360656008
-3.875,0.01605693554222929,0.01596208016710757,0.016464461189037462,0.01760948205232626,0.017367246209308077,0.01785798633830225,0.018156079828308472,0.018287929492989356,0.019416626121397978,0.019536431381158643,0.019611715289739474,0.01985353390319474,0.020124583072529654,0.020632222404343106,0.021430794264053397,0.022450846006822383,0.022669194662809207,0.023508391379692992,0.023508391379692992,0.024438240363582157,0.025446272102674004,0.025446272102674004,0.026318245553718284,0.026318245553718284,0.02766017082589101,0.02766017082589101,0.0289842256402684,0.0289842256402684,0.029080624734229,0.029080624734229,0.03062681103745598,0.03062681103745598,0.032065537400151806
-3.765,0.015430959184215748,0.016417902072357986,0.016738800049780907,0.01684305364526782,0.017314144745009526,0.017518050791831878,0.017722074946224804,0.018056818721417334,0.018533621958611555,0.019256523825147278,0.01980074892277632,0.019315019983919966,0.02039734307042139,0.02058163813132969,0.021184641310715888,0.02162288609437173,0.02251445335724916,0.023345152202316463,0.023345152202316463,0.02400941963420616,0.02508210294299429,0.02508210294299429,0.02620503326019666,0.02620503326019666,0.02684711619389168,0.02684711619389168,0.02749110514854392,0.02749110514854392,0.028525548119032282,0.028525548119032282,0.02975854544507821,0.02975854544507821,0.030296700460666164
-3.655,0.015687782113613095,0.015776974864146812,0.016768539481271907,0.016862399865848324,0.017284953227390164,0.017085684236975335,0.017807337386311076,0.01788291531718738,0.01880907351423902,0.01878190444699437,0.0186887501112121,0.018916673185117333,0.019416755849149345,0.02004990232886018,0.020853918935064285,0.02101191677126266,0.022147925785259676,0.02278705858486443,0.02278705858486443,0.02303797190954812,0.02341549715140054,0.02341549715140054,0.024613616770442062,0.024613616770442062,0.025823800445329198,0.025823800445329198,0.026522878347173047,0.026522878347173047,0.02814366271419872,0.02814366271419872,0.028141297025151852,0.028141297025151852,0.02920765353858513
-3.545,0.015885064655610605,0.016504031113348024,0.01626783054548196,0.01621082014899078,0.016560575486324346,0.017385145953724788,0.017792916921243723,0.017810001940079357,0.01787489295866665,0.017950312285057227,0.01847994739374402,0.019088662535677918,0.019105313256994428,0.01941021961534765,0.019754426344103876,0.020561705194568493,0.021036415867570636,0.02196113103250817,0.02196113103250817,0.02238261318755845,0.02331834673412659,0.02331834673412659,0.023483701760896158,0.023483701760896158,0.02453017660006937,0.02453017660006937,0.025366852031196607,0.025366852031196607,0.025585883261628417,0.025585883261628417,0.02656291558148199,0.02656291558148199,0.02679891631887846
-3.435,0.01601464604844695,0.015685531940713714,0.015474778529831035,0.01688122689175577,0.016922150002194408,0.017636179772046314,0.017186046062210577,0.017027772758526454,0.017511555650431374,0.017979294081913236,0.018004347596095767,0.018676876739371198,0.019184611698581044,0.019008041926324843,0.01941700201648052,0.019782498719728422,0.020298455125880334,0.021044657130307818,0.021044657130307818,0.021384998748436825,0.02186769537154629,0.02186769537154629,0.022669348394199408,0.022669348394199408,0.023279786469359746,0.023279786469359746,0.023728476192789155,0.023728476192789155,0.02448581254904928,0.02448581254904928,0.024801608254447605,0.024801608254447605,0.024750107654436453
-3.325,0.015259654389709675,0.015324627800238296,0.01614123574024002,0.016581893716596494,0.016735284452987744,0.016477224522841998,0.016856475678252582,0.01696725925346163,0.01707789601343894,0.017418292784996268,0.01774780666601662,0.017999906546331115,0.018358016933949388,0.018776670378757673,0.01859284929756712,0.019209440572952985,0.01925950798535237,0.020100476793096927,0.020100476793096927,0.020512936439906305,0.020815614749636495,0.020815614749636495,0.02157531271757989,0.02157531271757989,0.021893923715110335,0.021893923715110335,0.021701247040239353,0.021701247040239353,0.022030056039276158,0.022030056039276158,0.022354278356434068,0.022354278356434068,0.022316994074321358
-3.215,0.015108917521955341,0.015348274334912254,0.015875846648825534,0.015598166256536806,0.016138145331973008,0.016010961310022744,0.01601707639327413,0.016284124726496714,0.016794669402346956,0.017047985679400402,0.01728250001327738,0.01727289368667182,0.017753710852929504,0.017377935811506207,0.018114179543598525,0.01871901722446692,0.018912339278082637,0.01900865709436336,0.01900865709436336,0.019505867032179627,0.01962780047318789,0.01962780047318789,0.019826387151577574,0.019826387151577574,0.020324408719591625,0.020324408719591625,0.02073882499646426,0.02073882499646426,0.020641678010249177,0.020641678010249177,0.01993929937072842,0.01993929937072842,0.020228416970648557
-3.105,0.015203292783037852,0.015258486452763636,0.015028923244719673,0.015363255977975322,0.015400098669955889,0.015707334538026547,0.015708708649694723,0.01624074636287355,0.016619760270006764,0.016806390263261882,0.016659846667308742,0.016903004213432816,0.0171630442198438,0.01759945066166921,0.017438190076944925,0.01752644008211984,0.018286576469070934,0.018042675918591745,0.018042675918591745,0.01850187890160905,0.018744720419815092,0.018744720419815092,0.019026923745148343,0.019026923745148343,0.018551625943588085,0.018551625943588085,0.018629852431714864,0.018629852431714864,0.018605644940242857,0.018605644940242857,0.018664742543472643,0.018664742543472643,0.017315896245326652
-2.995,0.014810646258002312,0.015085620613576347,0.014670398785203442,0.015029691559951467,0.015329632747860903,0.015528192272039215,0.016244380416493537,0.016270393871018033,0.01611615488738848,0.016332742387205505,0.01635323755886107,0.01608329372586903,0.016024421549992455,0.016796339091182274,0.016924625240678576,0.016883672499168976,0.017197878183133362,0.017324045932095754,0.017324045932095754,0.017185031884703567,0.017262372631488027,0.017262372631488027,0.017422091842239137,0.017422091842239137,0.01677558410600899,0.01677558410600899,0.016323686810433467,0.016323686810433467,0.015884727235737254,0.015884727235737254,0.01575313843763676,0.01575313843763676,0.015849038219627097
-2.885,0.014444561701830252,0.01448367990774338,0.014615845673353129,0.015039256220804462,0.015427763955054942,0.015519348612222955,0.015307906429164467,0.015786640805988492,0.015075895169259362,0.0148854617506192,0.015222862706502372,0.01571274676071868,0.015481485219041895,0.015655198217153145,0.015736248844887495,0.01587556627137971,0.015639379623768525,0.015799421409162902,0.015799421409162902,0.01609274434397647,0.015662883258471615,0.015662883258471615,0.015045407467576948,0.015045407467576948,0.014432757341655516,0.014432757341655516,0.014503734979952169,0.014503734979952169,0.014386387780883072,0.014386387780883072,0.014127917043054907,0.014127917043054907,0.013944630075839843
-2.775,0.0137236057357808,0.014356079839336375,0.014872564795725135,0.015320391337953822,0.015057989244122426,0.015080431896649498,0.014917282283638754,0.01461888813217918,0.014748333884609008,0.014798969280337726,0.014796606083359004,0.014875754585664392,0.01536066012359379,0.014963472479149557,0.014884325202385957,0.015027281886546161,0.014891006548771043,0.014555254032936624,0.014555254032936624,0.014042776600715524,0.013997361259713842,0.013997361259713842,0.013571806584556593,0.013571806584556593,0.013374920003435735,0.013374920003435735,0.013274542100119259,0.013274542100119259,0.012710972970576849,0.012710972970576849,0.012298407686773807,0.012298407686773807,0.011865403685071383
-2.665,0.014084893637096982,0.01433584854437551,0.01476963170526643,0.01442207824273651,0.014176866081257665,0.014422736950221228,0.014397793193069561,0.014023954428214028,0.0145707373364324,0.014563191035130894,0.014078235073966947,0.014051628705696036,0.01408864335731005,0.014128481067162793,0.014109096167905478,0.013502871023787673,0.013058696903624848,0.012973923327069824,0.012973923327069824,0.012902815675666117,0.012799649943775117,0.012799649943775117,0.012443220286023907,0.012443220286023907,0.011863954676040964,0.011863954676040964,0.011492806373495453,0.011492806373495453,0.01125142510731541,0.01125142510731541,0.01102879339601312,0.01102879339601312,0.01115871295248788
-2.555,0.014297867458005872,0.014871051796534938,0.014170005428328688,0.013553808038882906,0.014003346929894087,0.013833922963167147,0.014149906218750301,0.014482723172018687,0.013428747553909092,0.012954523459692554,0.013606259712896416,0.013408254056226523,0.012853186854328204,0.012533453689887461,0.012555553757324306,0.012360881840457945,0.01225667254730021,0.012014891613889472,0.012014891613889472,0.011671183739856652,0.011098296018749237,0.011098296018749237,0.010869822407551988,0.010869822407551988,0.010407134921581903,0.010407134921581903,0.010598960804601038,0.010598960804601038,0.010247307019110172,0.010247307019110172,0.00989334122399966,0.00989334122399966,0.009246662251245027
-2.445,0.014881794111284555,0.013974087085617055,0.013976038722464657,0.013718740404905925,0.013614129416647568,0.013779410032764543,0.013242372538437158,0.012606469593992073,0.012912125635446355,0.012477660557987906,0.01187535224905947,0.01204531585785004,0.011862299878394702,0.011715600116060562,0.011566324394020779,0.011076948729158563,0.010959079101885058,0.01060665071009246,0.01060665071009246,0.010305425048013893,0.010212964762179238,0.010212964762179238,0.01009624922161574,0.01009624922161574,0.00997126217722699,0.00997126217722699,0.009490859542386371,0.009490859542386371,0.008989646038705138,0.008989646038705138,0.008415541805763333,0.008415541805763333,0.008172906239721644
-2.335,0.01328359961416346,0.013875707008651289,0.013357789723812555,0.013491834148534,0.013118869948047323,0.012705048720624416,0.012274676662039857,0.012105182022442497,0.011723363956719473,0.011864182503627715,0.0117232151688762,0.01143839920367817,0.01109253574931233,0.010556749601295967,0.01050604421938068,0.010005205842426796,0.009658056176875157,0.010043439277559955,0.010043439277559955,0.009914767009846653,0.009326171852473695,0.009326171852473695,0.008911040202646185,0.008911040202646185,0.008500861347245162,0.008500861347245162,0.008026371253575214,0.008026371253575214,0.008019590854535363,0.008019590854535363,0.00793186159080379,0.00793186159080379,0.0074679014198798755
-2.225,0.013689326286080055,0.013207673678072242,0.012880662044527723,0.012330118304828273,0.012318564680972836,0.01182219853406873,0.011538228405753493,0.011395426751780721,0.011148797068820175,0.010917484592673509,0.010486563178279297,0.00999346849257061,0.009686112377916882,0.009561507603454209,0.009625622612315678,0.009829434612830685,0.009756932191972541,0.008976576237397326,0.008976576237397326,0.00863719243686568,0.008171443227783818,0.008171443227783818,0.007757611121362048,0.007757611121362048,0.007849573618598069,0.007849573618598069,0.0074546742405525,0.0074546742405525,0.0071787826712966935,0.0071787826712966935,0.007015069086692476,0.007015069086692476,0.006557325604565883
-2.115,0.013683242731021745,0.012481154102508945,0.012322658809207536,0.0117738619837066,0.011487758529878751,0.011335163663717741,0.01092080482689762,0.010705856891996633,0.009487652053505925,0.009347910171004548,0.009403559420435288,0.009340157870103496,0.009650748398748124,0.00963855571985284,0.009061288737970312,0.008600242302926348,0.00831468032848018,0.007927400104988967,0.007927400104988967,0.0077480110282228095,0.007589767067409898,0.007589767067409898,0.007176011572802967,0.007176011572802967,0.006838251022422662,0.006838251022422662,0.006807274884297937,0.006807274884297937,0.0065661665966852,0.0065661665966852,0.006297713676385966,0.006297713676385966,0.006214580936153782
-2.005,0.011489585901749446,0.012350441790644602,0.011239834767831774,0.010852383996991488,0.010790163973730145,0.010300489749075279,0.00956334897438787,0.009254093717755736,0.009369414244059113,0.009793936054900072,0.009617801600009628,0.009216623410917092,0.00854596988484726,0.00845167828275517,0.007873220824495134,0.0076922604597960366,0.007632520055368224,0.007551245499818545,0.007551245499818545,0.006893241377071096,0.006850622429138507,0.006850622429138507,0.006760984914708277,0.006760984914708277,0.0065708553426497476,0.0065708553426497476,0.006072581619338672,0.006072581619338672,0.005612894380379277,0.005612894380379277,0.0054615440574760895,0.0054615440574760895,0.0050778584924387905
-1.895,0.012050741823439787,0.010653107978188948,0.011256024801821514,0.010223469431466794,0.009656724731451169,0.00934221928806045,0.009205187028284214,0.009505895979677307,0.009554592008559955,0.008669803029701962,0.008628779008943996,0.007961455345417513,0.007668963189290935,0.007665289436552202,0.007449026424647351,0.007396010733192067,0.007020076858403033,0.006817914292924229,0.006817914292924229,0.0065535516775263895,0.006463931455735314,0.006463931455735314,0.005981238249649009,0.005981238249649009,0.005744139317278384,0.005744139317278384,0.005527783611307494,0.005527783611307494,0.005367302776740676,0.005367302776740676,0.004956764163133549,0.004956764163133549,0.004755330323853715
-1.785,0.01025450281725339,0.010483038669726526,0.009902789571242155,0.00945895525027215,0.009248571727434828,0.00958316099615691,0.009258874604792104,0.008486671771784969,0.008060519192471033,0.007701901007204373,0.00773833708753625,0.007705353963946676,0.007602417394851215,0.00723886782272943,0.006849146106286941,0.006844636643030596,0.006527367117361769,0.006351205712214856,0.006351205712214856,0.005969990629039174,0.00556272509772594,0.00556272509772594,0.005558123961248252,0.005558123961248252,0.005219611130049665,0.005219611130049665,0.00508958298652292,0.00508958298652292,0.004904314539514439,0.004904314539514439,0.00481907484026071,0.00481907484026071,0.004660830633169591
-1.675,0.01011607150156892,0.009547133694679638,0.009427657044622607,0.009966666724263133,0.009608311476225248,0.008654079322425108,0.008353107382562956,0.008090138815241748,0.007945503969618153,0.007709217817213391,0.007120456835081437,0.007023296011119485,0.0069461585464274745,0.006541229324941896,0.006332257926726657,0.00607778082389146,0.005747335119928865,0.005743733132305334,0.005743733132305334,0.005571844079289138,0.005401425604631817,0.005401425604631817,0.004923522323202194,0.004923522323202194,0.004926981983809577,0.004926981983809577,0.0048285557276318255,0.0048285557276318255,0.004680631750680071,0.004680631750680071,0.004364696156248805,0.004364696156248805,0.00403301917959496
-1.565,0.009315096026775235,0.00953879961567187,0.010178235573542128,0.009041820099024048,0.008405338130979878,0.007678316136877474,0.00758415874519779,0.007851664573647277,0.007199637559022674,0.0068784931216179426,0.006690278135562253,0.0064252687041586026,0.00618284189310113,0.005821388502978331,0.005769257542153392,0.005776424403425111,0.00559174883545829,0.005375541926823021,0.005375541926823021,0.005196455487112551,0.0049144985843076324,0.0049144985843076324,0.004810030008343925,0.004810030008343925,0.004517813549651033,0.004517813549651033,0.004415435048042431,0.004415435048042431,0.0040545875058437325,0.0040545875058437325,0.0037140431228743593,0.0037140431228743593,0.003637729912707807
-1.455,0.00973083254723201,0.010240186606232774,0.00858088699297615,0.008022753164246206,0.00795855144058057,0.007717884891364248,0.00720329707677658,0.007141250378991984,0.006609302596536837,0.006489966950705049,0.00623182021694417,0.006018172682759658,0.005805841729135841,0.005693794263795237,0.005472231612151529,0.005242262099330456,0.005252010443504762,0.005152741228848072,0.005152741228848072,0.004935768818977041,0.0045274340264236275,0.0045274340264236275,0.004467564480919015,0.004467564480919015,0.00424613056733049,0.00424613056733049,0.0038681600285449536,0.0038681600285449536,0.003788875889212744,0.003788875889212744,0.003680631730845978,0.003680631730845978,0.0036679029049149787
-1.345,0.009252521370981277,0.008446023049457161,0.008079087289273706,0.008062262672971046,0.00748930474300056,0.007138192704433548,0.006779491923137897,0.0064938430829314464,0.006130877463728921,0.006246910500409751,0.005875372298365142,0.005735429727982099,0.0054729570942727065,0.005341223102460399,0.005312361308750542,0.005122183332426842,0.00484364054814959,0.00460836847475668,0.00460836847475668,0.004468614597365011,0.004206217834999053,0.004206217834999053,0.0039667306653279,0.0039667306653279,0.0038551817625771785,0.0038551817625771785,0.0037959074361630252,0.0037959074361630252,0.0035015250782741984,0.0035015250782741984,0.003314410866035399,0.003314410866035399,0.0033427239399555038
-1.235,0.008099773857708341,0.00819491814013174,0.007822848502048911,0.007300413733823353,0.006778656613013824,0.0064271926776313494,0.006371961456494818,0.0060914147755202225,0.005702085697255496,0.005490026798784417,0.005423750126643481,0.005360914780660887,0.005194637027166317,0.0050288015395343125,0.004674861412237904,0.004503952785885036,0.004461651024457623,0.00423913057070933,0.00423913057070933,0.004052499497411108,0.003868896121409033,0.003868896121409033,0.003866820239527463,0.003866820239527463,0.0035654885940309368,0.0035654885940309368,0.003302151129428885,0.003302151129428885,0.0031486699379681565,0.0031486699379681565,0.0029583247792826874,0.0029583247792826874,0.0027759248335260506
-1.125,0.008196783160810855,0.007594625459685269,0.0067994550361876694,0.006447312953423821,0.006228341206514557,0.006227039588603844,0.005856018817193133,0.00580393103872757,0.005367289069055608,0.00524359781246697,0.005162767620461572,0.004802875543939927,0.004718049780028776,0.004495624517160934,0.004422077175239738,0.004229808132772233,0.004057369211772456,0.003920298768975475,0.003920298768975475,0.003839735833430266,0.003513728260759677,0.003513728260759677,0.0034004221579367884,0.0034004221579367884,0.0032193804511620253,0.0032193804511620253,0.0030282549900555863,0.0030282549900555863,0.0028950650046904503,0.0028950650046904503,0.0026649651520977255,0.0026649651520977255,0.00231088086358557
-1.015,0.007167122890970725,0.006622604800107136,0.0063672428424335695,0.0060473243392348336,0.006012840058078705,0.005676911582230099,0.0054081214185084355,0.005334291554861425,0.005184281038366606,0.004959810143409059,0.004648961178827344,0.0045251852198785174,0.004513165895670193,0.004290087184054179,0.0041702600061445105,0.004119292310102265,0.0037059381659061705,0.003539504851797646,0.003539504851797646,0.003478248774707299,0.0032143920488818833,0.0032143920488818833,0.0029796972438981047,0.0029796972438981047,0.00297310540756223,0.00297310540756223,0.002820401323777917,0.002820401323777917,0.002588307467561943,0.002588307467561943,0.0025322086339078253,0.0025322086339078253,0.0022753332861370325
-0.905,0.006620337524246494,0.006085673949783404,0.006222613788945704,0.005718310657703366,0.005508574108067392,0.0053732691315038945,0.005118087930849948,0.004959362122833701,0.004525353908132442,0.004444458782664456,0.004391596552190029,0.004268216296247001,0.004120917652329061,0.003946359035429566,0.0036884141325744645,0.0034890788342774237,0.003591264530734799,0.003277242375340472,0.003277242375340472,0.0029621531088444794,0.0030093374586695723,0.0030093374586695723,0.002862500024075792,0.002862500024075792,0.002633321791949767,0.002633321791949767,0.0024777621031761097,0.0024777621031761097,0.002251389605859701,0.002251389605859701,0.001991293621621974,0.001991293621621974,0.0019615086392299878
-0.795,0.006379562514693609,0.006581907231389551,0.005509513046518489,0.00573849277057871,0.00532628023080449,0.005041186430839925,0.004523497271275844,0.004354072461260897,0.004440346101869866,0.004290562653614528,0.004090869463252485,0.003879337719478442,0.00365387635877475,0.0036275131745914764,0.0034668264329327857,0.0033420608674480435,0.0030888802810952304,0.003053634628593287,0.003053634628593287,0.0029710987323590373,0.002794428882337433,0.002794428882337433,0.0025574005647853795,0.0025574005647853795,0.002285879954445464,0.002285879954445464,0.002091357174472602,0.002091357174472602,0.0019990920572500537,0.0019990920572500537,0.0018411927469441135,0.0018411927469441135,0.001709123291948549
-0.685,0.005964736780386187,0.005618088034738543,0.006020031486881019,0.0051459996532622,0.004826835352648518,0.0043269302106910944,0.004299750456997012,0.004214314580312407,0.0038389096625471987,0.0036545666709171644,0.003704408949145101,0.0035771688762743824,0.0035339886011327127,0.003210584570809767,0.0031901169189315574,0.003013757097702963,0.0030432635626787773,0.002978205169015462,0.002978205169015462,0.0026488831951386738,0.002344506933323809,0.002344506933323809,0.0020920375105641627,0.0020920375105641627,0.0020154864149170854,0.0020154864149170854,0.0019087593255842621,0.0019087593255842621,0.0017507805612724983,0.0017507805612724983,0.0016187282217522574,0.0016187282217522574,0.0014551535690333294
-0.575,0.005330592733801415,0.005599921580872657,0.004932750879877634,0.004625755801662323,0.004563928039411555,0.00426224216400286,0.0037148834176701753,0.0035856397502572264,0.0035687329308286527,0.003514435539042691,0.0033044793667207865,0.003274342211693657,0.003125561764321932,0.0030588140541919777,0.00309609756230442,0.0030627102801228183,0.002680790664968683,0.0022866267683329636,0.0022866267683329636,0.0020740854881748077,0.0020917954764189447,0.0020917954764189447,0.0019274562087678757,0.0019274562087678757,0.0018885217481271245,0.0018885217481271245,0.0017708903618719376,0.0017708903618719376,0.0015848356925211042,0.0015848356925211042,0.0014610912972367678,0.0014610912972367678,0.0013649926288064865
-0.465,0.005461233586413441,0.005180005540644822,0.00464404809665089,0.004169324439747195,0.00371430201871523,0.003601782359158504,0.0035067346952109254,0.003586247916862823,0.003298824812680775,0.0031919311410423023,0.0031749169677751897,0.0031778531320028527,0.003022799679470177,0.002846208865614497,0.0025745178780587014,0.0023143359465152185,0.0022829456415738437,0.0020968647294627458,0.0020968647294627458,0.001988974828909623,0.0018592568464160376,0.0018592568464160376,0.0018293818893960914,0.0018293818893960914,0.001788289450525265,0.001788289450525265,0.0015822923045752493,0.0015822923045752493,0.0014373980301057444,0.0014373980301057444,0.0012912120445561402,0.0012912120445561402,0.001102500261112059
-0.355,0.0047633352672709715,0.0042484042160666315,0.003971449870495621,0.0035542671634544282,0.0035040061951619153,0.003575863031663933,0.0032447187898355895,0.0031337758047985127,0.003153203053156659,0.003030926782649344,0.0028607488159330895,0.002673747093825989,0.002508976443148238,0.002352925956655799,0.0022027810376161854,0.0021036701266788495,0.002266639076475257,0.0021443821455549446,0.0021443821455549446,0.0018717028248826527,0.0018085504300038397,0.0018085504300038397,0.0016351039857741812,0.0016351039857741812,0.001558738906118241,0.001558738906118241,0.0013817112406698546,0.0013817112406698546,0.0011618795752435889,0.0011618795752435889,0.0010807341574002342,0.0010807341574002342,0.0010393434417748594
-0.245,0.00415891514485901,0.003806690020800157,0.0033608173413222364,0.0033983799806738806,0.0032998013715077076,0.0030812883436606977,0.0032415756774211327,0.0030486929811531357,0.002600911274990446,0.002433867046520291,0.0022984056802597508,0.002183216312060972,0.002125661733601329,0.0021036861593588746,0.0022397436195023108,0.0022528496378437595,0.001851005600651752,0.0017090286803151476,0.0017090286803151476,0.0017051047903626523,0.0016438540597380265,0.0016438540597380265,0.0014671283544957824,0.0014671283544957824,0.001223848818001131,0.001223848818001131,0.0010804664961742113,0.0010804664961742113,0.0010425054398696797,0.0010425054398696797,0.0010459441859299217,0.0010459441859299217,0.0009296396634242719
-0.135,0.0035638054983707754,0.00330327733601816,0.0033350847246766506,0.0030264866672826633,0.0030567357610700773,0.002994193217363861,0.002661290885545833,0.0024814728097577337,0.0021691470290791863,0.002161249927746581,0.0021310194901601226,0.002375996725812467,0.002213659299211197,0.002079066794481297,0.0018991335792779345,0.0017871848977526314,0.001727168092186278,0.0016239222944080091,0.0016239222944080091,0.0014363179317098814,0.001218221544997731,0.001218221544997731,0.0011081057254272498,0.0011081057254272498,0.0010659179814641396,0.0010659179814641396,0.0010343924014706966,0.0010343924014706966,0.0009690907675997522,0.0009690907675997522,0.0009491960585935245,0.0009491960585935245,0.0008885515330309999
-0.025,0.00324311569817035,0.003064660577452763,0.0028079871478687356,0.003005076142758469,0.002584689755102621,0.0022775186497628968,0.002145916067222953,0.0022682159217479584,0.002212373963204281,0.002256659250115383,0.0021192342483757377,0.0018778839381477883,0.0017566311362213936,0.0017421435263496358,0.0015947391037573475,0.0015831246680584345,0.001360952117843267,0.0013772241649430523,0.0013772241649430523,0.001283094830346889,0.0011655945014438507,0.0011655945014438507,0.0011265609560328488,0.0011265609560328488,0.0010492119013836817,0.0010492119013836817,0.0009553982875881672,0.0009553982875881672,0.0009609362333894494,0.0009609362333894494,0.0007770751335615129,0.0007770751335615129,0.0006967738985971588
0.085,0.0027766936720136225,0.00281210565918079,0.002583447285477443,0.0022094061399089973,0.00213263553357997,0.0021177827430377046,0.0021190220338916876,0.002115538474054533,0.0019363671865155303,0.0017524628405789005,0.0018792341462117955,0.0016340179009429604,0.0016290893380839012,0.0014734244060447142,0.0014965246117281613,0.0014346089472439777,0.0013401304976281923,0.0011786905101898073,0.0011786905101898073,0.0010865251236720117,0.001112526964795862,0.001112526964795862,0.0010307368151212567,0.0010307368151212567,0.0008950268062731252,0.0008950268062731252,0.0008280600215864644,0.0008280600215864644,0.0007759177842938707,0.0007759177842938707,0.0006556850391890413,0.0006556850391890413,0.0004976847998049169
0.195,0.0027277497440412746,0.0024493603237417715,0.0021788328087090528,0.002109944257314505,0.002129660630727626,0.0019454147943092392,0.0018027815245180235,0.0016463369247944513,0.0016066513324990569,0.0014895997119994812,0.001406683346964041,0.0012987975300267904,0.001443225362519817,0.001406698152420267,0.001221245369252961,0.0011348143792604775,0.0011611395204999806,0.001049102064842048,0.001049102064842048,0.0009939248113418817,0.0008222042348916351,0.0008222042348916351,0.000856931193367811,0.000856931193367811,0.0008252393750424886,0.0008252393750424886,0.0006493278940484816,0.0006493278940484816,0.0005131776010992421,0.0005131776010992421,0.0005960339596631959,0.0005960339596631959,0.0005102776184106374
0.305,0.0022318850011730697,0.001966018443961946,0.0020031297357225118,0.0019017168247718703,0.0017258368369201921,0.0016130198070110201,0.0014568825222108274,0.0013639608676795244,0.0011474071707858237,0.001352058691300172,0.00135023309820024,0.0013089329694661613,0.001102635613242351,0.001110706971514454,0.0011760734421260182,0.0010697258053988894,0.0009987797345241964,0.0008823533558391365,0.0008823533558391365,0.0008831452841059313,0.0008036931051876455,0.0008036931051876455,0.0007505123053126564,0.0007505123053126564,0.0005856387180422234,0.0005856387180422234,0.0005788297731420985,0.0005788297731420985,0.0005236100610696357,0.0005236100610696357,0.0004602065916241946,0.0004602065916241946,0.00047660199059225183
0.415,0.0022156071769655664,0.002152791050189417,0.0017422310870899766,0.0015795528850259775,0.0015037173406016514,0.0013904822800271885,0.001226999889221954,0.0012427043682042376,0.0012191488920587157,0.0010326430376413423,0.0009904006370412628,0.0010500693571242614,0.0010331634422417661,0.0010248234969614375,0.0009183054357358515,0.000942698079208642,0.0008693869211812715,0.0007983501483834272,0.0007983501483834272,0.000705574316794273,0.0006924310201795414,0.0006924310201795414,0.000575633268656639,0.000575633268656639,0.0005358810530818347,0.0005358810530818347,0.0005154035733292858,0.0005154035733292858,0.0005412918530425027,0.0005412918530425027,0.0004286299991040074,0.0004286299991040074,0.00038223815828299947
0.525,0.001962407160857203,0.0015870297594764219,0.0015129052792341004,0.0013639950149824003,0.0011343723201117993,0.001158107396381773,0.0010958234051283377,0.0009483383753105762,0.0010413060431249948,0.0009758361219336865,0.0009693758194517838,0.0009180462430392244,0.0009414129508404669,0.0009051328448868645,0.0008085843238434394,0.0007157422621793042,0.0006277078267699971,0.0006608996485144269,0.0006608996485144269,0.0005700207987472423,0.0005108147458096824,0.0005108147458096824,0.0005204766428427678,0.0005204766428427678,0.0005015487455837242,0.0005015487455837242,0.00045625419566138685,0.00045625419566138685,0.00037229495833890407,0.00037229495833890407,0.0003380131300028673,0.0003380131300028673,0.0002683047649719917
0.635,0.0015039718052701932,0.0014212072665091145,0.0011295146069846456,0.0011903204918182935,0.0011752036184850794,0.0010092300671163208,0.0009615286381143201,0.0009246926776073732,0.0008323418727433429,0.0007988135056756137,0.0007746848670090963,0.0007900347458945681,0.0007591942549295851,0.0006595083064513322,0.0006749928369304577,0.0006132252956754997,0.0005498185719417358,0.0005156686128941837,0.0005156686128941837,0.00046344857763274365,0.0004213755074204025,0.0004213755074204025,0.0003821320598785366,0.0003821320598785366,0.0003715911274517152,0.0003715911274517152,0.00035127406068203996,0.00035127406068203996,0.00031245888357370237,0.00031245888357370237,0.00024149701494021204,0.00024149701494021204,0.00022144848159682393
0.745,0.0012758402183864058,0.0010002103418979649,0.001112789223413543,0.0009521348390485183,0.0009383019908389724,0.0008495025862542157,0.0008207114688342554,0.0008481590081546117,0.0006932611529543005,0.000689693126240035,0.0007038635786751667,0.0006732440067434355,0.0006118748850215212,0.0005483321620958648,0.0004669417275943401,0.00047345924299847244,0.00046692584918298243,0.00041071382385887483,0.00041071382385887483,0.00041751340460375496,0.0003513749740625668,0.0003513749740625668,0.00032575460820345465,0.00032575460820345465,0.0002965863761198959,0.0002965863761198959,0.0002516421903597559,0.0002516421903597559,0.0001885513608612135,0.0001885513608612135,0.0002128872827925617,0.0002128872827925617,0.0002283151719475713
0.855,0.0010354332224643548,0.0011008712780557117,0.0009511964025112433,0.0008197617201451829,0.0007646495498079424,0.0007776485006441674,0.0006821149135569516,0.000671977626131146,0.0006238444206637595,0.0006043095272975282,0.0005047431826559305,0.00046047779510137915,0.0004054534152980635,0.00039724235387983496,0.00033003558673275717,0.00034641269888113085,0.00033673861982353636,0.00034850017980299255,0.00034850017980299255,0.00029449846651456084,0.0002947436620587367,0.0002947436620587367,0.00026081876818356776,0.00026081876818356776,0.00020151238184777206,0.00020151238184777206,0.00020585871995275245,0.00020585871995275245,0.00021332354584179962,0.00021332354584179962,0.0001819806905963226,0.0001819806905963226,0.0001891371024863229
0.965,0.0010118297093107123,0.0008886315666349294,0.000756076043363195,0.0007431829630039876,0.0007216522386274482,0.0006612204245166107,0.0005688754168709296,0.0005450832509643347,0.0004507628861152353,0.00037850556589751657,0.00038530504048851446,0.0003967262736322957,0.0003794722947072194,0.00037329064302245085,0.0003831301672578587,0.00035006158722952676,0.00029863346620023247,0.0002477833050399063,0.0002477833050399063,0.00021879521947013974,0.00017845325648219843,0.00017845325648219843,0.00016307906513409473,0.00016307906513409473,0.00018901939540380542,0.00018901939540380542,0.0001863252695886798,0.0001863252695886798,0.00017553334658729252,0.00017553334658729252,0.0001671528591376436,0.0001671528591376436,0.00011218444305717696
1.075,0.0007709618126922955,0.0007501107161886698,0.0007520228296542436,0.0007481021676085877,0.0006280146826291238,0.00046900717731383274,0.0004075710674770457,0.0003333114410866251,0.0003591455599520046,0.0004390916317608218,0.0003563579758564535,0.0003852907536863456,0.0003373698751021215,0.0003018656169041087,0.0002750993466315647,0.0002203807043679609,0.00020128396270342532,0.00019092249406060723,0.00019092249406060723,0.00016984857441816465,0.00013901708418142107,0.00013901708418142107,0.00017622667708085935,0.00017622667708085935,0.00018992206599200022,0.00018992206599200022,0.00014425950776962373,0.00014425950776962373,0.0001217654812970308,0.0001217654812970308,9.00689121495241e-05,9.00689121495241e-05,6.664143497135012e-05
1.185,0.0007235476252189128,0.0006773551284685933,0.0006416768253645466,0.0004465205938551181,0.00036968129759378145,0.00034591473806466885,0.0002967334978178892,0.0003089575144494671,0.00038378636004753367,0.0003348230490203951,0.00038107525428798296,0.00029896915325397614,0.00022785642983561867,0.0001961207166890239,0.0001635392310695931,0.00015667355631366413,0.0001435825305001316,0.00012323529556477564,0.00012323529556477564,0.00012266429309360397,0.00014271501276342898,0.00014271501276342898,0.0001106634550659276,0.0001106634550659276,0.00010566971797408124,0.00010566971797408124,0.0001011681689468185,0.0001011681689468185,8.092067934971139e-05,8.092067934971139e-05,9.578078652040854e-05,9.578078652040854e-05,0.00011107067555665709
1.295,0.0006547531872333506,0.0005668526145370704,0.0003784553049598757,0.000346796689232425,0.00030320133950173387,0.00028802485748542837,0.00033742849707322256,0.00034340666846060147,0.0002388981371716699,0.0002316493765094224,0.00021472898696964918,0.0001877623981399068,0.00018292264054819732,0.00014048064192249358,0.00014595592495578045,0.00012178017016148386,0.00012605664330163992,0.00012166376603005127,0.00012166376603005127,0.00010648803759803685,8.803531848095953e-05,8.803531848095953e-05,0.00010330992767936214,0.00010330992767936214,9.805315840681276e-05,9.805315840681276e-05,0.00010160066296959796,0.00010160066296959796,0.00010811418491355161,0.00010811418491355161,8.667651405396892e-05,8.667651405396892e-05,7.58690657195874e-05
1.405,0.0005332369274691123,0.00044117202825551385,0.00032945463852382303,0.0003001508411394694,0.00033037466697439496,0.00034075917908503456,0.00020881278754863547,0.00019714500539791491,0.00016467935882620235,0.00015262163307832587,0.00013166567635735307,0.00013503631765248488,0.00011100328282947682,0.00010925241018569088,0.00010790855780359915,9.921549770348829e-05,0.00011871199261776311,9.894613271682692e-05,9.894613271682692e-05,6.749343892669115e-05,7.980849383073988e-05,7.980849383073988e-05,8.77757589059714e-05,8.77757589059714e-05,0.00010497398702850832,0.00010497398702850832,8.671044011889589e-05,8.671044011889589e-05,4.8199047972763264e-05,4.8199047972763264e-05,4.495723594076945e-05,4.495723594076945e-05,3.2118759613633604e-05
1.515,0.00031879129089752,0.0003060356614807727,0.0003335540978943044,0.0003211304401529106,0.00021517174762588343,0.00017226199251456237,0.00019064967381855045,0.0001509452985612864,9.687991361895853e-05,0.00010080610635034736,9.578157444675925e-05,0.00010611285388732486,0.00010255778765558812,0.00011339950899738115,0.00010519568893958431,0.00010135490818528174,7.169005448720605e-05,8.146867188861994e-05,8.146867188861994e-05,0.00010211256436500887,8.66296607116988e-05,8.66296607116988e-05,6.720879818165491e-05,6.720879818165491e-05,3.425373560426901e-05,3.425373560426901e-05,2.6948410653892293e-05,2.6948410653892293e-05,2.614256867418641e-05,2.614256867418641e-05,1.970713425606285e-05,1.970713425606285e-05,5.87261955344452e-06
1.625,0.0002967852449244446,0.00028871975587857994,0.00022808345086488107,0.00017435647233771042,0.0002573304854423266,0.0001739102536674607,9.733867870135388e-05,8.174336085860653e-05,0.00012799488974356123,0.00011543322008813777,0.0001274835528295408,0.00010041609139068182,0.00010665680093117326,5.961057614010703e-05,6.655399189774693e-05,7.485692509331198e-05,8.993686374213836e-05,7.137756482627424e-05,7.137756482627424e-05,5.045817970071816e-05,2.7048328074033495e-05,2.7048328074033495e-05,1.9231792454103456e-05,1.9231792454103456e-05,2.1043196490016564e-05,2.1043196490016564e-05,2.1768897207429928e-05,2.1768897207429928e-05,1.3394540088840898e-05,1.3394540088840898e-05,1.3513385215986606e-05,1.3513385215986606e-05,2.6547990634427427e-05
1.735,0.00027307515369065554,0.00021134649189342574,0.00024652997832805116,0.00022515323551756353,9.636034683752691e-05,9.304375436001714e-05,0.0001525705435397885,0.00013788351789106176,0.00011700988740048235,9.592260687476564e-05,6.8350247220918e-05,7.873091623559742e-05,8.232490443616948e-05,9.468445725269624e-05,6.951280483354753e-05,5.1116458834312155e-05,2.7572225941659702e-05,2.105206117905188e-05,2.105206117905188e-05,1.5993192782906345e-05,2.094982630101763e-05,2.094982630101763e-05,2.0251949999308752e-05,2.0251949999308752e-05,1.4128188819428325e-05,1.4128188819428325e-05,1.2026754507507563e-05,1.2026754507507563e-05,1.7992152155838913e-05,1.7992152155838913e-05,1.8966186996417843e-05,1.8966186996417843e-05,4.188917799281526e-06
1.845,0.00017880536469763275,0.00028413521546010096,0.00014425969716671546,0.00012014133035771987,0.00011930998698066646,0.00012884478365717577,9.535098810673157e-05,9.498196665046241e-05,5.863256343109965e-05,7.682798246708318e-05,9.97259892412354e-05,7.285516002870956e-05,5.186633266545019e-05,3.216972355120879e-05,2.036179258182149e-05,1.656676462022869e-05,1.9297948397362866e-05,2.233140788220849e-05,2.233140788220849e-05,1.9971285835300554e-05,1.5743992069811844e-05,1.5743992069811844e-05,1.0904108229604931e-05,1.0904108229604931e-05,2.289218845823219e-05,2.289218845823219e-05,1.715929586510316e-05,1.715929586510316e-05,7.037529611789836e-06,7.037529611789836e-06,2.51162504847855e-06,2.51162504847855e-06,2.564458793837723e-06
1.955,0.00028311127646906266,0.00012714665617627563,0.00012856589126515375,0.00010041475264305926,9.12774784417965e-05,8.046869018100973e-05,7.569735179618401e-05,8.953362730220058e-05,9.225511424587019e-05,8.42315045039839e-05,3.375151297107864e-05,2.128339023367548e-05,1.7232229887556718e-05,1.6759427081521617e-05,1.6537559042348114e-05,2.2215299211840688e-05,1.8882155694410763e-05,1.2824924941265565e-05,1.2824924941265565e-05,1.8697676518655746e-05,1.8887199855537427e-05,1.8887199855537427e-05,1.5175011705625062e-05,1.5175011705625062e-05,4.622490276927663e-06,4.622490276927663e-06,6.2728812738989915e-06,6.2728812738989915e-06,3.6410632367767138e-06,3.6410632367767138e-06,5.9306100599014385e-06,5.9306100599014385e-06,4.797492268185255e-06
2.065,0.00010403547559927904,0.00012591059421342471,0.00010139170855131275,7.75926393097242e-05,6.0361956314046405e-05,6.118048053894417e-05,7.486397539055624e-05,5.70243098856128e-05,4.552357260859188e-05,3.394368898677355e-05,1.767079910332126e-05,1.831577691071325e-05,2.3355965113275785e-05,1.8700767433812934e-05,1.9018294270089338e-05,1.1851987192305838e-05,1.645146003373622e-05,1.7342938834284563e-05,1.7342938834284563e-05,8.547045120260851e-06,3.751943167058887e-06,3.751943167058887e-06,2.986884985354727e-07,2.986884985354727e-07,2.6612403884557846e-06,2.6612403884557846e-06,4.0591990618732375e-06,4.0591990618732375e-06,3.591417784315147e-06,3.591417784315147e-06,3.695912460333779e-06,3.695912460333779e-06,0.0
2.175,0.0001523142275949308,8.124054340410783e-05,4.316968750636367e-05,7.653742901278399e-05,8.467113632704242e-05,5.8973936064757485e-05,2.6581458633576143e-05,3.462272762756153e-05,2.1550087532450867e-05,1.846816958888724e-05,1.865234256841461e-05,2.0150657436891306e-05,9.739485103558495e-06,1.9648231153254018e-05,1.7705965227048544e-05,1.0222641335773903e-05,3.4242264176549426e-06,3.184969256993268e-06,3.184969256993268e-06,4.598461473961721e-07,1.2003404754495332e-06,1.2003404754495332e-06,3.1331934456943186e-06,3.1331934456943186e-06,1.9461713730375493e-06,1.9461713730375493e-06,1.6323346891053694e-06,1.6323346891053694e-06,2.590043056814106e-06,2.590043056814106e-06,0.0,0.0,0.0
2.285,6.524486531202954e-05,6.287860494512645e-05,0.00013694920478119683,6.291342186118113e-05,2.2377126700109937e-05,2.157415741432457e-05,1.6165227133354017e-05,1.675336521149567e-05,1.4184798771637331e-05,1.1884583079560148e-05,1.161530068427652e-05,1.2686392008317068e-05,1.3217828617421084e-05,8.65815907809045e-06,4.309847907807014e-06,4.045769366976291e-06,4.884307999539271e-07,1.8552269105763988e-06,1.8552269105763988e-06,3.50704721542338e-06,2.735986399855097e-06,2.735986399855097e-06,8.327210211653654e-07,8.327210211653654e-07,8.635657409982694e-07,8.635657409982694e-07,0.0,0.0,0.0,0.0,0.0,0.0,0.0
2.395,0.00017135513058175132,0.00014117697603095158,2.6627030327573322e-05,2.237487386344528e-05,2.2598773709115384e-05,1.7192657183137683e-05,1.1159619070429386e-05,6.829212996634126e-06,1.6665682327758412e-05,1.405450710095319e-05,7.5999784170848245e-06,2.4924537277530875e-06,2.8449051566896743e-06,8.57441869592541e-07,2.3153946753816935e-06,3.8217702499733895e-06,3.859538657522929e-06,3.498506986675426e-06,3.498506986675426e-06,9.738304988152298e-07,2.107667456205589e-06,2.107667456205589e-06,4.332460348078867e-07,4.332460348078867e-07,0.0,0.0,0.0,0.0,0.0,0.0,0.0,0.0,0.0
2.505,5.6591615977889e-05,2.2291801010759336e-05,3.0531548032796074e-05,4.188825188909759e-05,1.2726438682300336e-05,1.0440790197387553e-05,1.5883388251570146e-05,2.1039513108809086e-05,3.339669629050156e-06,2.1409448987373135e-06,7.258978603755308e-07,2.4015625319121873e-06,3.077543767126664e-06,3.2866984772523355e-06,1.8661870020517536e-06,8.831704704993824e-07,2.7566908915740316e-06,1.6899916715842262e-06,1.6899916715842262e-06,1.6016544493650052e-06,0.0,0.0,0.0,0.0,0.0,0.0,0.0,0.0,0.0,0.0,0.0,0.0,0.0
2.615,2.5308722450572428e-05,1.898824790306611e-05,9.443469797804774e-06,1.0258469942811203e-05,1.8302661151068665e-05,1.742717433761926e-05,1.3118923482456567e-05,9.517487211034028e-06,1.9242506224093013e-06,1.8132663592838722e-06,2.79784789684556e-06,1.4606826906196886e-06,7.134079768028831e-07,7.811172245120779e-07,2.965881239580764e-06,1.8212585345042584e-06,0.0,0.0,0.0,0.0,0.0,0.0,0.0,0.0,0.0,0.0,0.0,0.0,0.0,0.0,0.0,0.0,0.0
2.725,1.2321814082510583e-05,6.397660024155162e-06,1.4973776339243e-05,1.4022867317116818e-05,8.080767639239086e-06,1.241986353949623e-06,1.3300451256750267e-06,1.2514895791006038e-06,1.0459224500275567e-06,1.6360431279202424e-06,6.052336916247583e-07,2.506581623860552e-06,1.7550663382801822e-06,1.7313421655914723e-06,0.0,0.0,0.0,0.0,0.0,0.0,0.0,0.0,0.0,0.0,0.0,0.0,0.0,0.0,0.0,0.0,0.0,0.0,0.0
2.835,2.294018528911002e-05,1.8901210603339175e-05,1.3717951441746246e-05,5.4944617074301926e-06,1.6135988758832306e-06,4.3065655926289195e-06,9.756577998377867e-07,4.673834658424906e-07,2.2629808986644573e-06,1.7482461936444466e-06,1.8063972887993243e-06,0.0,0.0,0.0,0.0,0.0,0.0,0.0,0.0,0.0,0.0,0.0,0.0,0.0,0.0,0.0,0.0,0.0,0.0,0.0,0.0,0.0,0.0
2.945,1.717965266759184e-05,1.1621417579565606e-05,2.2627935010446532e-06,1.1741171247811911e-06,8.436337315605397e-07,4.019932060899462e-07,2.0092133351639385e-06,1.6183710732939541e-06,0.0,0.0,0.0,0.0,0.0,0.0,0.0,0.0,0.0,0.0,0.0,0.0,0.0,0.0,0.0,0.0,0.0,0.0,0.0,0.0,0.0,0.0,0.0,0.0,0.0
